x,y,z,ax,ay,az,aw,image,label
1131.22,1183.27,0.1069651,0.0,0.0,0.0436201197059201,0.9990481896069084,'data/collections/new_sim/session2_0.jpg',2
1131.22,1183.27,0.1069651,0.0,0.0,0.04362018945264117,0.9990481865616472,'data/collections/new_sim/session2_1.jpg',0
1131.22,1183.27,0.1069651,0.0,0.0,0.0436201197059201,0.9990481896069084,'data/collections/new_sim/session2_2.jpg',0
1131.22,1183.27,0.1069651,0.0,0.0,0.04362018945264117,0.9990481865616472,'data/collections/new_sim/session2_3.jpg',0
1131.22,1183.27,0.1069651,0.0,0.0,0.0436201197059201,0.9990481896069084,'data/collections/new_sim/session2_4.jpg',0
1131.22,1183.27,0.1069651,0.0,0.0,0.04362018945264117,0.9990481865616472,'data/collections/new_sim/session2_5.jpg',2
1131.22,1183.27,0.1069651,0.0,0.0,0.0436201197059201,0.9990481896069084,'data/collections/new_sim/session2_6.jpg',2
1131.242,1183.272,0.1069662,0.0,0.0,0.043619056068397395,0.9990482360465395,'data/collections/new_sim/session2_7.jpg',0
1131.275,1183.275,0.1069385,0.0,0.0,0.04362085204648076,0.9990481576314222,'data/collections/new_sim/session2_8.jpg',0
1131.308,1183.278,0.1069755,0.0,0.0,0.043622648024423144,0.9990480792130764,'data/collections/new_sim/session2_9.jpg',0
1131.324,1183.279,0.1070071,0.0,0.0,0.04362351113998608,0.9990480415254411,'data/collections/new_sim/session2_10.jpg',0
1131.347,1183.281,0.1070562,0.0,0.0,0.04362497582086685,0.9990479775689598,'data/collections/new_sim/session2_11.jpg',0
1131.366,1183.283,0.1070969,0.0,0.0,0.043626109204817395,0.9990479280773518,'data/collections/new_sim/session2_12.jpg',0
1131.385,1183.285,0.107136,0.0,0.0,0.04362690257354936,0.999047893432461,'data/collections/new_sim/session2_13.jpg',0
1131.433,1183.289,0.1071942,0.0,0.0,0.04373412915574735,0.999043205245393,'data/collections/new_sim/session2_14.jpg',0
1131.582,1183.302,0.1071949,0.0,0.0,0.04377789496295387,0.999041288392333,'data/collections/new_sim/session2_15.jpg',0
1131.73,1183.315,0.107219,0.0,0.0,0.04380736273004524,0.999039996682134,'data/collections/new_sim/session2_16.jpg',0
1131.815,1183.323,0.1072751,0.0,0.0,0.043829908161618816,0.9990390078222893,'data/collections/new_sim/session2_17.jpg',0
1131.979,1183.338,0.1073922,0.0,0.0,0.043876271821195884,0.9990369726747217,'data/collections/new_sim/session2_18.jpg',0
1132.204,1183.358,0.1076259,0.0,0.0,0.043955816924422596,0.9990334759949271,'data/collections/new_sim/session2_19.jpg',0
1132.588,1183.392,0.1080447,0.0,0.0,0.044116388379923606,0.9990263981879116,'data/collections/new_sim/session2_20.jpg',0
1132.798,1183.411,0.1083826,0.0,0.0,0.044217684337604785,0.999021919875545,'data/collections/new_sim/session2_21.jpg',0
1133.088,1183.437,0.1089388,0.0,0.0,0.04435550853160293,0.9990158101165881,'data/collections/new_sim/session2_22.jpg',0
1133.252,1183.452,0.1092682,0.0,0.0,0.04443152986522965,0.9990124319315727,'data/collections/new_sim/session2_23.jpg',0
1133.495,1183.474,0.1097572,0.0,0.0,0.044539415203704386,0.9990076278454094,'data/collections/new_sim/session2_24.jpg',0
1133.655,1183.488,0.1100776,0.0,0.0,0.0446089846253605,0.9990045237588738,'data/collections/new_sim/session2_25.jpg',0
1133.892,1183.51,0.1105531,0.0,0.0,0.044708090164633466,0.9990000934303415,'data/collections/new_sim/session2_26.jpg',0
1134.088,1183.528,0.1109445,0.0,0.0,0.04478797232650873,0.9989965152766449,'data/collections/new_sim/session2_27.jpg',0
1134.243,1183.542,0.1112545,0.0,0.0,0.04485022668630757,0.9989937222856743,'data/collections/new_sim/session2_28.jpg',0
1134.473,1183.563,0.1117145,0.0,0.0,0.044939488725148746,0.9989897108344621,'data/collections/new_sim/session2_29.jpg',0
1134.673,1183.581,0.1120947,0.0,0.0,0.045015839347420254,0.9989862732829953,'data/collections/new_sim/session2_30.jpg',0
1134.831,1183.596,0.1123839,0.0,0.0,0.04507510287138704,0.9989836010171207,'data/collections/new_sim/session2_31.jpg',0
1134.988,1183.61,0.1126772,0.0,0.0,0.04513416572839724,0.9989809342945448,'data/collections/new_sim/session2_32.jpg',0
1135.413,1183.649,0.1135113,0.0,0.0,0.04528966374542349,0.998973896734958,'data/collections/new_sim/session2_33.jpg',0
1135.576,1183.664,0.1138239,0.0,0.0,0.045346468152071,0.9989713198216119,'data/collections/new_sim/session2_34.jpg',0
1135.827,1183.688,0.1142539,0.0,0.0,0.04543432464811439,0.9989673278660167,'data/collections/new_sim/session2_35.jpg',0
1136.034,1183.707,0.1146168,0.0,0.0,0.04550682037687541,0.9989640280306328,'data/collections/new_sim/session2_36.jpg',0
1136.239,1183.725,0.1150025,0.0,0.0,0.045575924728314024,0.9989608776549556,'data/collections/new_sim/session2_37.jpg',0
1136.481,1183.748,0.1154819,0.0,0.0,0.04565261312942636,0.9989573759247463,'data/collections/new_sim/session2_38.jpg',0
1136.641,1183.763,0.1158032,0.0,0.0,0.04570009755987407,0.9989552047429444,'data/collections/new_sim/session2_39.jpg',0
1136.879,1183.785,0.1162806,0.0,0.0,0.045767204992647824,0.9989521324603902,'data/collections/new_sim/session2_40.jpg',0
1137.267,1183.821,0.1170591,0.0,0.0,0.045869164656190356,0.998947455942375,'data/collections/new_sim/session2_41.jpg',0
1137.489,1183.841,0.1174626,0.0,0.0,0.04592257647463755,0.9989450019745487,'data/collections/new_sim/session2_42.jpg',0
1137.762,1183.867,0.1178103,0.0,0.0,0.045984426621001113,0.9989421567379854,'data/collections/new_sim/session2_43.jpg',0
1137.998,1183.889,0.1179637,0.0,0.0,0.046042353765238735,0.9989394884875443,'data/collections/new_sim/session2_44.jpg',0
1138.347,1183.922,0.1180235,0.0,0.0,0.04613513276479741,0.9989352078712486,'data/collections/new_sim/session2_45.jpg',2
1138.635,1183.948,0.1181549,0.0,0.0,0.046211487935349564,0.9989316785360254,'data/collections/new_sim/session2_46.jpg',2
1138.864,1183.97,0.1183237,0.0,0.0,0.04626788022673553,0.998929068182183,'data/collections/new_sim/session2_47.jpg',2
1139.146,1183.996,0.1185768,0.0,0.0,0.0463307318725584,0.9989261550706103,'data/collections/new_sim/session2_48.jpg',2
1139.426,1184.022,0.1188437,0.0,0.0,0.04638579882954093,0.9989235995144701,'data/collections/new_sim/session2_49.jpg',2
1140.031,1184.079,0.1194177,0.0,0.0,0.04647904708150594,0.9989192650972325,'data/collections/new_sim/session2_50.jpg',2
1140.14,1184.089,0.119519,0.0,0.0,0.04649301205550366,0.9989186152184806,'data/collections/new_sim/session2_51.jpg',2
1140.57,1184.13,0.1199189,0.0,0.0,0.04654010236899073,0.9989164223654969,'data/collections/new_sim/session2_52.jpg',2
1140.782,1184.15,0.120086,0.0,0.0,0.04655679578184152,0.9989156444698061,'data/collections/new_sim/session2_53.jpg',2
1141.357,1184.203,0.1201067,0.0,0.0,0.04657116169538965,0.9989149748093388,'data/collections/new_sim/session2_54.jpg',2
1141.542,1184.22,0.1201254,0.0,0.0,0.04656916546161962,0.9989150678752465,'data/collections/new_sim/session2_55.jpg',2
1141.785,1184.243,0.1203154,0.0,0.0,0.04656191276792922,0.9989154059675883,'data/collections/new_sim/session2_56.jpg',2
1141.952,1184.259,0.1204988,0.0,0.0,0.04655573228543144,0.9989156940359718,'data/collections/new_sim/session2_57.jpg',2
1142.056,1184.268,0.1207875,0.0,0.0,0.04655106859153468,0.9989159113824277,'data/collections/new_sim/session2_58.jpg',2
1142.178,1184.28,0.1214049,0.0,0.0,0.04654661410912699,0.9989161189584319,'data/collections/new_sim/session2_59.jpg',2
1142.181,1184.28,0.1216839,0.0,0.0,0.04654675358412835,0.9989161124592888,'data/collections/new_sim/session2_60.jpg',2
1142.181,1184.28,0.121867,0.0,0.0,0.04654681460444116,0.9989161096159075,'data/collections/new_sim/session2_61.jpg',2
1142.181,1184.28,0.1219894,0.0,0.0,0.04654681460444116,0.9989161096159075,'data/collections/new_sim/session2_62.jpg',2
1142.181,1184.28,0.1220283,0.0,0.0,0.04654675358412835,0.9989161124592888,'data/collections/new_sim/session2_63.jpg',2
1142.181,1184.28,0.1220247,0.0,0.0,0.04654681460444116,0.9989161096159075,'data/collections/new_sim/session2_64.jpg',2
1142.181,1184.28,0.1220109,0.0,0.0,0.04654668384662778,0.9989161157088627,'data/collections/new_sim/session2_65.jpg',2
1142.181,1184.28,0.1220091,0.0,0.0,0.04654668384662778,0.9989161157088627,'data/collections/new_sim/session2_66.jpg',2
1142.181,1184.28,0.1220088,0.0,0.0,0.04654668384662778,0.9989161157088627,'data/collections/new_sim/session2_67.jpg',2
1142.181,1184.28,0.1220092,0.0,0.0,0.04654668384662778,0.9989161157088627,'data/collections/new_sim/session2_68.jpg',2
1142.181,1184.28,0.1220093,0.0,0.0,0.04654668384662778,0.9989161157088627,'data/collections/new_sim/session2_69.jpg',2
1142.181,1184.28,0.1220092,0.0,0.0,0.04654668384662778,0.9989161157088627,'data/collections/new_sim/session2_70.jpg',2
1142.181,1184.28,0.1220093,0.0,0.0,0.04654668384662778,0.9989161157088627,'data/collections/new_sim/session2_71.jpg',2
1142.181,1184.28,0.1220092,0.0,0.0,0.04654668384662778,0.9989161157088627,'data/collections/new_sim/session2_72.jpg',0
1142.181,1184.28,0.1220093,0.0,0.0,0.04654668384662778,0.9989161157088627,'data/collections/new_sim/session2_73.jpg',0
1142.181,1184.28,0.1220092,0.0,0.0,0.04654668384662778,0.9989161157088627,'data/collections/new_sim/session2_74.jpg',0
1142.181,1184.28,0.1220093,0.0,0.0,0.04654668384662778,0.9989161157088627,'data/collections/new_sim/session2_75.jpg',0
1142.181,1184.28,0.1220092,0.0,0.0,0.04654668384662778,0.9989161157088627,'data/collections/new_sim/session2_76.jpg',0
1142.181,1184.28,0.1220093,0.0,0.0,0.04654668384662778,0.9989161157088627,'data/collections/new_sim/session2_77.jpg',0
1142.197,1184.282,0.1219942,0.0,0.0,0.04663267872956578,0.9989121048793558,'data/collections/new_sim/session2_78.jpg',0
1142.24,1184.286,0.1218816,0.0,0.0,0.046631615236924086,0.9989121545263104,'data/collections/new_sim/session2_79.jpg',0
1142.292,1184.291,0.1217484,0.0,0.0,0.04663134500517884,0.9989121671413398,'data/collections/new_sim/session2_80.jpg',0
1142.346,1184.296,0.1216858,0.0,0.0,0.0466077389414911,0.9989132688430772,'data/collections/new_sim/session2_81.jpg',0
1142.538,1184.314,0.1213896,0.0,0.0,0.04658492611444405,0.9989143329930309,'data/collections/new_sim/session2_82.jpg',0
1142.757,1184.335,0.1210641,0.0,0.0,0.04657334970686279,0.9989148727980189,'data/collections/new_sim/session2_83.jpg',0
1142.914,1184.349,0.1209082,0.0,0.0,0.046561581515033784,0.9989154214080483,'data/collections/new_sim/session2_84.jpg',0
1143.058,1184.363,0.1208379,0.0,0.0,0.046549412326168306,0.9989159885656493,'data/collections/new_sim/session2_85.jpg',0
1143.451,1184.4,0.1205625,0.0,0.0,0.04650857226863696,0.9989178908726848,'data/collections/new_sim/session2_86.jpg',0
1143.823,1184.434,0.1202544,0.0,0.0,0.04644778712551598,0.9989207191119537,'data/collections/new_sim/session2_87.jpg',0
1144.118,1184.462,0.1200704,0.0,0.0,0.04638354106092298,0.9989237043531651,'data/collections/new_sim/session2_88.jpg',0
1144.434,1184.491,0.1198669,0.0,0.0,0.046309051998238274,0.9989271603590647,'data/collections/new_sim/session2_89.jpg',0
1144.776,1184.522,0.1197059,0.0,0.0,0.04621154895661325,0.9989316757131244,'data/collections/new_sim/session2_90.jpg',0
1145.14,1184.556,0.1195152,0.0,0.0,0.04609263562135711,0.9989371696665795,'data/collections/new_sim/session2_91.jpg',0
1145.5,1184.589,0.1193949,0.0,0.0,0.04595177116046085,0.9989436594359147,'data/collections/new_sim/session2_92.jpg',0
1145.786,1184.615,0.1193624,0.0,0.0,0.045826736731753095,0.9989494032234658,'data/collections/new_sim/session2_93.jpg',0
1146.209,1184.653,0.1193758,0.0,0.0,0.045624812852300675,0.9989586460170373,'data/collections/new_sim/session2_94.jpg',0
1146.489,1184.678,0.1194007,0.0,0.0,0.04548614220640949,0.9989649697898212,'data/collections/new_sim/session2_95.jpg',0
1146.904,1184.715,0.1194399,0.0,0.0,0.04527177503454893,0.9989747075803377,'data/collections/new_sim/session2_96.jpg',0
1147.198,1184.741,0.1194459,0.0,0.0,0.04511573639038118,0.9989817667655169,'data/collections/new_sim/session2_97.jpg',0
1494.326,1164.581,0.02503481,-0.0,0.0,0.05809023436204834,-0.9983113365437469,'data/collections/new_sim/session2_98.jpg',0
1515.988,1162.297,0.03027419,-0.0,0.0,0.04771488564281845,-0.9988609961791944,'data/collections/new_sim/session2_99.jpg',0
1517.049,1162.197,0.03092879,-0.0,0.0,0.04722674439632546,-0.9988841947962357,'data/collections/new_sim/session2_100.jpg',0
1520.406,1161.887,0.03526033,-0.0,0.0,0.045779688451781694,-0.9989515604498838,'data/collections/new_sim/session2_101.jpg',0
1521.238,1161.811,0.03671062,-0.0,0.0,0.04544231871749153,-0.9989669642533621,'data/collections/new_sim/session2_102.jpg',0
1522.472,1161.7,0.03957048,-0.0,0.0,0.04496371556101178,-0.9989886206974273,'data/collections/new_sim/session2_103.jpg',0
1523.287,1161.628,0.04148515,-0.0,0.0,0.044660333345456334,-0.9990022295397907,'data/collections/new_sim/session2_104.jpg',0
1524.496,1161.521,0.04422598,-0.0,0.0,0.04422879120815945,-0.9990214282127611,'data/collections/new_sim/session2_105.jpg',0
1527.219,1161.284,0.04988257,-0.0,0.0,0.0433717851601432,-0.9990590013868161,'data/collections/new_sim/session2_106.jpg',0
1529.759,1161.066,0.05714623,-0.0,0.0,0.04275712735856848,-0.9990854958711207,'data/collections/new_sim/session2_107.jpg',0
1530.809,1160.976,0.06112661,-0.0,0.0,0.04254700657100486,-0.9990944661201197,'data/collections/new_sim/session2_108.jpg',0
1531.849,1160.888,0.06564179,-0.0,0.0,0.0423647841150424,-0.9991022095195695,'data/collections/new_sim/session2_109.jpg',0
1532.903,1160.799,0.07077179,-0.0,0.0,0.04219302290211579,-0.9991094778943804,'data/collections/new_sim/session2_110.jpg',0
1533.975,1160.709,0.07576046,-0.0,0.0,0.04203957020526236,-0.9991159464931769,'data/collections/new_sim/session2_111.jpg',0
1535.035,1160.62,0.0806241,-0.0,0.0,0.04190704207796088,-0.99912151404335,'data/collections/new_sim/session2_112.jpg',0
1535.892,1160.548,0.0845761,-0.0,0.0,0.04181462071054724,-0.9991253862728307,'data/collections/new_sim/session2_113.jpg',0
1537.204,1160.439,0.09051991,-0.0,0.0,0.04168906658178155,-0.9991306329642484,'data/collections/new_sim/session2_114.jpg',0
1539.141,1160.277,0.09307421,-0.0,0.0,0.04153473873013349,-0.9991370604069392,'data/collections/new_sim/session2_115.jpg',0
1539.991,1160.207,0.09466901,-0.0,0.0,0.041475448670336874,-0.9991395233687806,'data/collections/new_sim/session2_116.jpg',0
1541.462,1160.085,0.09655641,-0.0,0.0,0.041378666053155176,-0.9991435362327384,'data/collections/new_sim/session2_117.jpg',0
1542.472,1160.001,0.09756027,-0.0,0.0,0.04131588793165231,-0.9991461341587722,'data/collections/new_sim/session2_118.jpg',0
1543.227,1159.939,0.09989378,-0.0,0.0,0.04127141999688655,-0.9991479719698382,'data/collections/new_sim/session2_119.jpg',0
1544.319,1159.848,0.1033381,-0.0,0.0,0.04121038544353185,-0.9991504912332253,'data/collections/new_sim/session2_120.jpg',0
1545.911,1159.717,0.1082532,-0.0,0.0,0.04112319295775032,-0.9991540837132977,'data/collections/new_sim/session2_121.jpg',0
1547.233,1159.608,0.11255,-0.0,0.0,0.04104820716947958,-0.9991571671604881,'data/collections/new_sim/session2_122.jpg',0
1548.458,1159.508,0.1159425,-0.0,0.0,0.04096886149061201,-0.9991604237499417,'data/collections/new_sim/session2_123.jpg',0
1548.896,1159.472,0.1165636,-0.0,0.0,0.040940087719030044,-0.9991616031541435,'data/collections/new_sim/session2_124.jpg',0
1549.943,1159.386,0.1172724,-0.0,0.0,0.04087469265738514,-0.9991642805365714,'data/collections/new_sim/session2_125.jpg',0
1550.307,1159.356,0.1168155,-0.0,0.0,0.04085202232846263,-0.9991652076967426,'data/collections/new_sim/session2_126.jpg',0
1550.936,1159.305,0.1180647,-0.0,0.0,0.040809297420646026,-0.9991669536388967,'data/collections/new_sim/session2_127.jpg',0
1551.347,1159.272,0.1187185,-0.0,0.0,0.04077965152238682,-0.9991681640353203,'data/collections/new_sim/session2_128.jpg',0
1551.628,1159.249,0.1190152,-0.0,0.0,0.04075959692379363,-0.9991689823341244,'data/collections/new_sim/session2_129.jpg',0
1551.87,1159.229,0.1193059,-0.0,0.0,0.0407412861889984,-0.9991697291249702,'data/collections/new_sim/session2_130.jpg',0
1552.127,1159.208,0.1197004,-0.0,0.0,0.04071948767735451,-0.9991706177241672,'data/collections/new_sim/session2_131.jpg',0
1552.458,1159.181,0.1201286,-0.0,0.0,0.04068896972849603,-0.9991718609640854,'data/collections/new_sim/session2_132.jpg',0
1552.641,1159.166,0.1202647,-0.0,0.0,0.040674146711066964,-0.9991724644871508,'data/collections/new_sim/session2_133.jpg',0
1552.835,1159.15,0.1203789,-0.0,0.0,0.04065932368468652,-0.9991730677903122,'data/collections/new_sim/session2_134.jpg',0
1553.006,1159.137,0.1206612,-0.0,0.0,0.04064798842318069,-0.9991735289914104,'data/collections/new_sim/session2_135.jpg',0
1553.094,1159.13,0.1208654,-0.0,0.0,0.04064362870582347,-0.9991737063422071,'data/collections/new_sim/session2_136.jpg',0
1553.151,1159.125,0.1212461,-0.0,0.0,0.04064014093138082,-0.999173848209148,'data/collections/new_sim/session2_137.jpg',0
1553.151,1159.125,0.1214806,-0.0,0.0,0.04064014093138082,-0.999173848209148,'data/collections/new_sim/session2_138.jpg',0
1553.151,1159.125,0.1218587,-0.0,0.0,0.04064014093138082,-0.999173848209148,'data/collections/new_sim/session2_139.jpg',0
1553.151,1159.125,0.1220335,-0.0,0.0,0.04064014093138082,-0.999173848209148,'data/collections/new_sim/session2_140.jpg',0
1553.151,1159.125,0.1220307,-0.0,0.0,0.04064014093138082,-0.999173848209148,'data/collections/new_sim/session2_141.jpg',2
1553.151,1159.125,0.122021,-0.0,0.0,0.04064014093138082,-0.999173848209148,'data/collections/new_sim/session2_142.jpg',2
1553.151,1159.125,0.1220086,-0.0,0.0,0.04064014093138082,-0.999173848209148,'data/collections/new_sim/session2_143.jpg',2
1553.151,1159.125,0.1220084,-0.0,0.0,0.04064014093138082,-0.999173848209148,'data/collections/new_sim/session2_144.jpg',2
1553.151,1159.125,0.1220088,-0.0,0.0,0.04064014093138082,-0.999173848209148,'data/collections/new_sim/session2_145.jpg',2
1553.151,1159.125,0.1220091,-0.0,0.0,0.04064014093138082,-0.999173848209148,'data/collections/new_sim/session2_146.jpg',2
1553.151,1159.125,0.1220093,-0.0,0.0,0.04064014093138082,-0.999173848209148,'data/collections/new_sim/session2_147.jpg',2
1553.151,1159.125,0.1220092,-0.0,0.0,0.04064014093138082,-0.999173848209148,'data/collections/new_sim/session2_148.jpg',0
1553.151,1159.125,0.1220093,-0.0,0.0,0.04064014093138082,-0.999173848209148,'data/collections/new_sim/session2_149.jpg',0
1553.179,1159.122,0.1219762,-0.0,0.0,0.04054335499321664,-0.9991777801602145,'data/collections/new_sim/session2_150.jpg',0
1553.232,1159.118,0.1218259,-0.0,0.0,0.040562537822027775,-0.9991770015995347,'data/collections/new_sim/session2_151.jpg',0
1553.263,1159.116,0.1217396,-0.0,0.0,0.040562537822027775,-0.9991770015995347,'data/collections/new_sim/session2_152.jpg',0
1553.302,1159.112,0.1216615,-0.0,0.0,0.040565153661161674,-0.9991768954036349,'data/collections/new_sim/session2_153.jpg',0
1553.302,1159.112,0.1218968,-0.0,0.0,0.040565153661161674,-0.9991768954036349,'data/collections/new_sim/session2_154.jpg',0
1553.302,1159.112,0.1219841,-0.0,0.0,0.040565153661161674,-0.9991768954036349,'data/collections/new_sim/session2_155.jpg',0
1553.302,1159.112,0.1220183,-0.0,0.0,0.040565153661161674,-0.9991768954036349,'data/collections/new_sim/session2_156.jpg',0
1553.302,1159.112,0.1220154,-0.0,0.0,0.040565153661161674,-0.9991768954036349,'data/collections/new_sim/session2_157.jpg',0
1553.302,1159.112,0.1220103,-0.0,0.0,0.040565153661161674,-0.9991768954036349,'data/collections/new_sim/session2_158.jpg',2
1553.302,1159.112,0.1220094,-0.0,0.0,0.040565153661161674,-0.9991768954036349,'data/collections/new_sim/session2_159.jpg',2
1553.302,1159.112,0.122009,-0.0,0.0,0.040565153661161674,-0.9991768954036349,'data/collections/new_sim/session2_160.jpg',2
1553.302,1159.112,0.1220092,-0.0,0.0,0.040565153661161674,-0.9991768954036349,'data/collections/new_sim/session2_161.jpg',2
1553.302,1159.112,0.1220093,-0.0,0.0,0.040565153661161674,-0.9991768954036349,'data/collections/new_sim/session2_162.jpg',2
1553.308,1159.112,0.1219973,-0.0,0.0,0.0405660256074783,-0.9991768600034797,'data/collections/new_sim/session2_163.jpg',2
2110.831,1448.458,0.02489723,0.0,0.0,0.639775887168156,0.7685615227151298,'data/collections/new_sim/session2_164.jpg',0
2111.026,1449.543,0.02487674,0.0,0.0,0.6409835566695417,0.7675546104866183,'data/collections/new_sim/session2_165.jpg',0
2111.485,1452.177,0.02484733,0.0,0.0,0.6438557145540149,0.7651469263064048,'data/collections/new_sim/session2_166.jpg',0
2113.593,1466.011,0.02480902,0.0,0.0,0.6567204147454719,0.754134137177555,'data/collections/new_sim/session2_167.jpg',0
2114.622,1473.906,0.02559545,0.0,0.0,0.661337197788342,0.7500887352983402,'data/collections/new_sim/session2_168.jpg',0
2114.789,1475.246,0.02578686,0.0,0.0,0.6618777056298529,0.7496118347452645,'data/collections/new_sim/session2_169.jpg',0
2114.871,1475.91,0.02593221,0.0,0.0,0.6621189908533122,0.7493987202760568,'data/collections/new_sim/session2_170.jpg',0
2115.114,1477.894,0.02645109,0.0,0.0,0.6627291248848528,0.7488592037421703,'data/collections/new_sim/session2_171.jpg',0
2115.276,1479.228,0.02674161,0.0,0.0,0.6630422255356542,0.7485819976173129,'data/collections/new_sim/session2_172.jpg',0
2115.466,1480.805,0.02763207,0.0,0.0,0.6633114568294877,0.7483434447088735,'data/collections/new_sim/session2_173.jpg',0
2115.68,1482.581,0.02928654,0.0,0.0,0.6634987969013871,0.7481773496373784,'data/collections/new_sim/session2_174.jpg',0
2115.838,1483.894,0.03110593,0.0,0.0,0.6635601027261917,0.7481229779053749,'data/collections/new_sim/session2_175.jpg',0
2115.944,1484.776,0.03232856,0.0,0.0,0.6635711359957799,0.7481131916182672,'data/collections/new_sim/session2_176.jpg',0
2116.238,1487.217,0.03537833,0.0,0.0,0.6634686320168435,0.748204099380442,'data/collections/new_sim/session2_177.jpg',0
2116.477,1489.19,0.03794104,0.0,0.0,0.6632545087003185,0.7483939181264764,'data/collections/new_sim/session2_178.jpg',0
2116.636,1490.5,0.04046725,0.0,0.0,0.6630506525609146,0.7485745334557844,'data/collections/new_sim/session2_179.jpg',0
2116.901,1492.655,0.04611243,0.0,0.0,0.6626280219415844,0.7489486661566219,'data/collections/new_sim/session2_180.jpg',0
2117.034,1493.732,0.04973027,0.0,0.0,0.6623794939751059,0.7491684763531383,'data/collections/new_sim/session2_181.jpg',0
2117.309,1495.922,0.05692784,0.0,0.0,0.6617772861731209,0.7497004891990795,'data/collections/new_sim/session2_182.jpg',0
2117.56,1497.905,0.06335562,0.0,0.0,0.6611091784550788,0.7502897134856981,'data/collections/new_sim/session2_183.jpg',0
2117.702,1499.004,0.06691635,0.0,0.0,0.6606950785908581,0.7506543899330902,'data/collections/new_sim/session2_184.jpg',0
2117.872,1500.307,0.06596584,0.0,0.0,0.6601708620000951,0.7511154591446321,'data/collections/new_sim/session2_185.jpg',0
2118.127,1502.252,0.07304338,0.0,0.0,0.6593279032736377,0.7518555153517121,'data/collections/new_sim/session2_186.jpg',0
2118.271,1503.326,0.07619874,0.0,0.0,0.6588375119887832,0.7522852735474954,'data/collections/new_sim/session2_187.jpg',0
2118.444,1504.6,0.08390704,0.0,0.0,0.6582341147375415,0.7528132903952248,'data/collections/new_sim/session2_188.jpg',0
2118.733,1506.696,0.09598371,0.0,0.0,0.6571993834876463,0.7537167706396466,'data/collections/new_sim/session2_189.jpg',0
2119.028,1508.793,0.1074983,0.0,0.0,0.6561204091190926,0.7546562189085799,'data/collections/new_sim/session2_190.jpg',0
2119.147,1509.631,0.1112667,0.0,0.0,0.6556788629283238,0.7550398855087196,'data/collections/new_sim/session2_191.jpg',0
2119.357,1511.085,0.1141979,0.0,0.0,0.6548972583712205,0.7557179242136969,'data/collections/new_sim/session2_192.jpg',0
2119.469,1511.858,0.1157796,0.0,0.0,0.6544760734514063,0.7560827132527428,'data/collections/new_sim/session2_193.jpg',0
2119.68,1513.283,0.1164742,0.0,0.0,0.6537091078188756,0.7567459298566789,'data/collections/new_sim/session2_194.jpg',0
2119.823,1514.245,0.1166622,0.0,0.0,0.6531998027462522,0.7571855899924781,'data/collections/new_sim/session2_195.jpg',0
2119.933,1514.971,0.1170581,0.0,0.0,0.6528125727790031,0.7575194682789735,'data/collections/new_sim/session2_196.jpg',0
2120.05,1515.74,0.1176617,0.0,0.0,0.65239210394957,0.7578816152304089,'data/collections/new_sim/session2_197.jpg',0
2120.152,1516.407,0.1183074,0.0,0.0,0.6520223168897938,0.7581997746489149,'data/collections/new_sim/session2_198.jpg',0
2120.198,1516.704,0.1186209,0.0,0.0,0.6518565569542479,0.7583422902329483,'data/collections/new_sim/session2_199.jpg',0
2120.268,1517.158,0.1174394,0.0,0.0,0.6516002791149935,0.7585625064932109,'data/collections/new_sim/session2_200.jpg',0
2120.347,1517.67,0.11804,0.0,0.0,0.65129605121589,0.7588237303027554,'data/collections/new_sim/session2_201.jpg',0
2120.42,1518.134,0.1187284,0.0,0.0,0.6510081466175451,0.7590707431047444,'data/collections/new_sim/session2_202.jpg',0
2120.46,1518.392,0.1190983,0.0,0.0,0.6508441176695232,0.7592113898612032,'data/collections/new_sim/session2_203.jpg',0
2120.513,1518.727,0.1196078,0.0,0.0,0.6506243269083328,0.7593997532492875,'data/collections/new_sim/session2_204.jpg',0
2120.548,1518.947,0.1198361,0.0,0.0,0.6504688435491797,0.7595329377793913,'data/collections/new_sim/session2_205.jpg',0
2120.611,1519.337,0.1202054,0.0,0.0,0.6502010911501781,0.7597621608550387,'data/collections/new_sim/session2_206.jpg',0
2120.635,1519.491,0.1206138,0.0,0.0,0.6501226527079088,0.7598292811125613,'data/collections/new_sim/session2_207.jpg',0
2120.65,1519.583,0.1210018,0.0,0.0,0.6500870448055969,0.7598597463847693,'data/collections/new_sim/session2_208.jpg',0
2120.66,1519.651,0.1214611,0.0,0.0,0.650069074540057,0.7598751202182065,'data/collections/new_sim/session2_209.jpg',0
2120.66,1519.651,0.1218887,0.0,0.0,0.6500691408516683,0.759875063488975,'data/collections/new_sim/session2_210.jpg',0
2120.66,1519.651,0.1219693,0.0,0.0,0.6500691408516683,0.759875063488975,'data/collections/new_sim/session2_211.jpg',0
2120.66,1519.651,0.1220284,0.0,0.0,0.6500691408516683,0.759875063488975,'data/collections/new_sim/session2_212.jpg',0
2120.66,1519.651,0.1220281,0.0,0.0,0.6500691408516683,0.759875063488975,'data/collections/new_sim/session2_213.jpg',0
2120.66,1519.651,0.122017,0.0,0.0,0.6500691408516683,0.759875063488975,'data/collections/new_sim/session2_214.jpg',0
2120.66,1519.651,0.1220129,0.0,0.0,0.6500691408516683,0.759875063488975,'data/collections/new_sim/session2_215.jpg',0
2120.66,1519.651,0.1220091,0.0,0.0,0.6500691408516683,0.759875063488975,'data/collections/new_sim/session2_216.jpg',0
2120.66,1519.651,0.1220088,0.0,0.0,0.6500691408516683,0.759875063488975,'data/collections/new_sim/session2_217.jpg',0
2120.66,1519.651,0.1220093,0.0,0.0,0.6500691408516683,0.759875063488975,'data/collections/new_sim/session2_218.jpg',0
2120.66,1519.651,0.1220092,0.0,0.0,0.6500691408516683,0.759875063488975,'data/collections/new_sim/session2_219.jpg',2
2120.66,1519.651,0.1220093,0.0,0.0,0.6500691408516683,0.759875063488975,'data/collections/new_sim/session2_220.jpg',2
2120.66,1519.651,0.1220092,0.0,0.0,0.6500691408516683,0.759875063488975,'data/collections/new_sim/session2_221.jpg',2
2120.66,1519.651,0.1220093,0.0,0.0,0.6500691408516683,0.759875063488975,'data/collections/new_sim/session2_222.jpg',2
2120.66,1519.651,0.1220092,0.0,0.0,0.6500691408516683,0.759875063488975,'data/collections/new_sim/session2_223.jpg',2
2120.66,1519.651,0.1220093,0.0,0.0,0.6500691408516683,0.759875063488975,'data/collections/new_sim/session2_224.jpg',2
2120.66,1519.651,0.1220092,0.0,0.0,0.6500691408516683,0.759875063488975,'data/collections/new_sim/session2_225.jpg',2
2120.961,1521.545,0.1200513,0.0,0.0,0.6492341510084183,0.7605885991548771,'data/collections/new_sim/session2_226.jpg',0
2121.033,1521.994,0.1199231,0.0,0.0,0.648872804772925,0.7608968939522079,'data/collections/new_sim/session2_227.jpg',0
2121.107,1522.447,0.1199128,0.0,0.0,0.6485110464301199,0.7612052434515351,'data/collections/new_sim/session2_228.jpg',0
2121.158,1522.759,0.1198724,0.0,0.0,0.6482595158093724,0.7614194640029884,'data/collections/new_sim/session2_229.jpg',0
2121.213,1523.093,0.1197261,0.0,0.0,0.64798684475065,0.7616515272945344,'data/collections/new_sim/session2_230.jpg',0
2121.248,1523.302,0.1196411,0.0,0.0,0.647817804144465,0.7617953088812267,'data/collections/new_sim/session2_231.jpg',0
2121.373,1524.048,0.1193199,0.0,0.0,0.6472309998367946,0.7622939281210781,'data/collections/new_sim/session2_232.jpg',0
2121.453,1524.526,0.1191835,0.0,0.0,0.6468757649337379,0.7625954004197715,'data/collections/new_sim/session2_233.jpg',0
2121.536,1525.018,0.1190645,0.0,0.0,0.64652311919162,0.7628943939699244,'data/collections/new_sim/session2_234.jpg',0
2121.58,1525.275,0.1189969,0.0,0.0,0.6463410178936034,0.7630486803528728,'data/collections/new_sim/session2_235.jpg',0
2121.746,1526.249,0.1244051,0.0,0.0,0.6456648239213318,0.7636209368205115,'data/collections/new_sim/session2_236.jpg',0
2161.92,1718.093,0.0248041,0.0,0.0,0.6232305901886139,0.7820381265981551,'data/collections/new_sim/session2_237.jpg',0
2170.138,1761.254,0.04632636,0.0,0.0,0.6503386566337409,0.7596444113450853,'data/collections/new_sim/session2_238.jpg',2
2173.548,1784.943,0.1142285,0.0,0.0,0.6572385840197655,0.753682588146823,'data/collections/new_sim/session2_239.jpg',0
2173.66,1785.766,0.1149591,0.0,0.0,0.6573678805517988,0.7535698173486223,'data/collections/new_sim/session2_240.jpg',0
2173.749,1786.418,0.1154362,0.0,0.0,0.6574704622007673,0.7534803191414553,'data/collections/new_sim/session2_241.jpg',0
2173.855,1787.195,0.1159672,0.0,0.0,0.6575852602878883,0.7533801334333884,'data/collections/new_sim/session2_242.jpg',0
2173.951,1787.906,0.1166084,0.0,0.0,0.6576878161120935,0.7532906056348406,'data/collections/new_sim/session2_243.jpg',0
2174.166,1789.49,0.1177331,0.0,0.0,0.6578934826841613,0.7531109914492718,'data/collections/new_sim/session2_244.jpg',0
2174.233,1789.99,0.1180085,0.0,0.0,0.657959201511174,0.7530535765447093,'data/collections/new_sim/session2_245.jpg',0
2174.327,1790.686,0.118378,0.0,0.0,0.6580907555453502,0.7529386146730357,'data/collections/new_sim/session2_246.jpg',0
2174.401,1791.235,0.1186612,0.0,0.0,0.6581779433786872,0.7528624010068518,'data/collections/new_sim/session2_247.jpg',0
2174.453,1791.625,0.1178472,0.0,0.0,0.6582389761799275,0.752809039689084,'data/collections/new_sim/session2_248.jpg',0
2174.51,1792.051,0.1175395,0.0,0.0,0.6583131426196349,0.7527441838063315,'data/collections/new_sim/session2_249.jpg',0
2174.566,1792.475,0.1184635,0.0,0.0,0.6584023440962123,0.7526661632414552,'data/collections/new_sim/session2_250.jpg',0
2174.597,1792.705,0.1191023,0.0,0.0,0.6584571872470567,0.7526181851129393,'data/collections/new_sim/session2_251.jpg',0
2174.651,1793.11,0.1202595,0.0,0.0,0.6585702122209033,0.7525192858494156,'data/collections/new_sim/session2_252.jpg',0
2174.672,1793.266,0.1210567,0.0,0.0,0.6586056074585709,0.7524883080979576,'data/collections/new_sim/session2_253.jpg',0
2174.674,1793.28,0.1215641,0.0,0.0,0.6586076431329375,0.7524865263955742,'data/collections/new_sim/session2_254.jpg',0
2174.674,1793.28,0.121905,0.0,0.0,0.6586076431329375,0.7524865263955742,'data/collections/new_sim/session2_255.jpg',0
2174.674,1793.28,0.1220031,0.0,0.0,0.6586076431329375,0.7524865263955742,'data/collections/new_sim/session2_256.jpg',0
2174.674,1793.28,0.1220372,0.0,0.0,0.6586076431329375,0.7524865263955742,'data/collections/new_sim/session2_257.jpg',0
2174.674,1793.28,0.1220307,0.0,0.0,0.6586076431329375,0.7524865263955742,'data/collections/new_sim/session2_258.jpg',0
2174.674,1793.28,0.1220167,0.0,0.0,0.6586076431329375,0.7524865263955742,'data/collections/new_sim/session2_259.jpg',0
2174.674,1793.28,0.1220123,0.0,0.0,0.6586076431329375,0.7524865263955742,'data/collections/new_sim/session2_260.jpg',0
2174.674,1793.28,0.1220086,0.0,0.0,0.6586076431329375,0.7524865263955742,'data/collections/new_sim/session2_261.jpg',0
2174.674,1793.28,0.1220085,0.0,0.0,0.6586076431329375,0.7524865263955742,'data/collections/new_sim/session2_262.jpg',0
2174.674,1793.28,0.1220088,0.0,0.0,0.6586076431329375,0.7524865263955742,'data/collections/new_sim/session2_263.jpg',0
2174.674,1793.28,0.1220092,0.0,0.0,0.6586076431329375,0.7524865263955742,'data/collections/new_sim/session2_264.jpg',0
2174.674,1793.28,0.1220093,0.0,0.0,0.6586076431329375,0.7524865263955742,'data/collections/new_sim/session2_265.jpg',0
2174.674,1793.28,0.1220092,0.0,0.0,0.6586076431329375,0.7524865263955742,'data/collections/new_sim/session2_266.jpg',0
2174.674,1793.28,0.1220093,0.0,0.0,0.6586076431329375,0.7524865263955742,'data/collections/new_sim/session2_267.jpg',0
2174.674,1793.28,0.1220092,0.0,0.0,0.6586076431329375,0.7524865263955742,'data/collections/new_sim/session2_268.jpg',0
2174.674,1793.28,0.1220093,0.0,0.0,0.6586076431329375,0.7524865263955742,'data/collections/new_sim/session2_269.jpg',0
2174.674,1793.28,0.1220092,0.0,0.0,0.6586076431329375,0.7524865263955742,'data/collections/new_sim/session2_270.jpg',0
2174.674,1793.28,0.1220093,0.0,0.0,0.6586076431329375,0.7524865263955742,'data/collections/new_sim/session2_271.jpg',0
2174.674,1793.28,0.1220092,0.0,0.0,0.6586076431329375,0.7524865263955742,'data/collections/new_sim/session2_272.jpg',0
2174.674,1793.28,0.1220093,0.0,0.0,0.6586076431329375,0.7524865263955742,'data/collections/new_sim/session2_273.jpg',0
2174.674,1793.28,0.1220092,0.0,0.0,0.6586076431329375,0.7524865263955742,'data/collections/new_sim/session2_274.jpg',0
2174.674,1793.28,0.1220093,0.0,0.0,0.6586076431329375,0.7524865263955742,'data/collections/new_sim/session2_275.jpg',0
2174.674,1793.28,0.1220092,0.0,0.0,0.6586076431329375,0.7524865263955742,'data/collections/new_sim/session2_276.jpg',0
2174.674,1793.28,0.1220093,0.0,0.0,0.6586076431329375,0.7524865263955742,'data/collections/new_sim/session2_277.jpg',0
2174.674,1793.28,0.1220092,0.0,0.0,0.6586076431329375,0.7524865263955742,'data/collections/new_sim/session2_278.jpg',0
2174.674,1793.28,0.1220093,0.0,0.0,0.6586076431329375,0.7524865263955742,'data/collections/new_sim/session2_279.jpg',0
2174.674,1793.28,0.1220092,0.0,0.0,0.6586076431329375,0.7524865263955742,'data/collections/new_sim/session2_280.jpg',0
2174.674,1793.28,0.1220093,0.0,0.0,0.6586076431329375,0.7524865263955742,'data/collections/new_sim/session2_281.jpg',0
2174.674,1793.28,0.1220092,0.0,0.0,0.6586076431329375,0.7524865263955742,'data/collections/new_sim/session2_282.jpg',0
2174.674,1793.28,0.1220093,0.0,0.0,0.6586076431329375,0.7524865263955742,'data/collections/new_sim/session2_283.jpg',0
2174.674,1793.28,0.1220092,0.0,0.0,0.6586076431329375,0.7524865263955742,'data/collections/new_sim/session2_284.jpg',0
2174.674,1793.28,0.1220093,0.0,0.0,0.6586076431329375,0.7524865263955742,'data/collections/new_sim/session2_285.jpg',0
2174.674,1793.28,0.1220092,0.0,0.0,0.6586076431329375,0.7524865263955742,'data/collections/new_sim/session2_286.jpg',0
2174.674,1793.28,0.1220093,0.0,0.0,0.6586076431329375,0.7524865263955742,'data/collections/new_sim/session2_287.jpg',0
2174.674,1793.28,0.1220092,0.0,0.0,0.6586076431329375,0.7524865263955742,'data/collections/new_sim/session2_288.jpg',0
2174.674,1793.28,0.1220093,0.0,0.0,0.6586076431329375,0.7524865263955742,'data/collections/new_sim/session2_289.jpg',0
2174.674,1793.28,0.1220092,0.0,0.0,0.6586076431329375,0.7524865263955742,'data/collections/new_sim/session2_290.jpg',0
2174.674,1793.28,0.1220093,0.0,0.0,0.6586076431329375,0.7524865263955742,'data/collections/new_sim/session2_291.jpg',0
2174.674,1793.28,0.1220092,0.0,0.0,0.6586076431329375,0.7524865263955742,'data/collections/new_sim/session2_292.jpg',0
2174.674,1793.28,0.1220093,0.0,0.0,0.6586076431329375,0.7524865263955742,'data/collections/new_sim/session2_293.jpg',0
2174.674,1793.28,0.1220092,0.0,0.0,0.6586076431329375,0.7524865263955742,'data/collections/new_sim/session2_294.jpg',0
2174.674,1793.28,0.1220093,0.0,0.0,0.6586076431329375,0.7524865263955742,'data/collections/new_sim/session2_295.jpg',0
2174.674,1793.28,0.1220092,0.0,0.0,0.6586076431329375,0.7524865263955742,'data/collections/new_sim/session2_296.jpg',2
2174.674,1793.28,0.1220093,0.0,0.0,0.6586076431329375,0.7524865263955742,'data/collections/new_sim/session2_297.jpg',2
2174.677,1793.309,0.1219762,0.0,0.0,0.6586744237126151,0.7524280720087831,'data/collections/new_sim/session2_298.jpg',2
2174.686,1793.371,0.1217944,0.0,0.0,0.6586683828116561,0.752433360161734,'data/collections/new_sim/session2_299.jpg',2
2174.692,1793.415,0.1217077,0.0,0.0,0.6586759995928393,0.7524266924826458,'data/collections/new_sim/session2_300.jpg',2
2174.708,1793.538,0.1214717,0.0,0.0,0.6586630641571886,0.7524380159953797,'data/collections/new_sim/session2_301.jpg',2
2174.724,1793.663,0.1212943,0.0,0.0,0.6586769188549692,0.7524258877575415,'data/collections/new_sim/session2_302.jpg',2
2174.765,1793.971,0.1211804,0.0,0.0,0.6587108652036535,0.7523961696225295,'data/collections/new_sim/session2_303.jpg',2
2174.793,1794.18,0.1209491,0.0,0.0,0.6587390324325304,0.7523715087307956,'data/collections/new_sim/session2_304.jpg',2
2174.811,1794.319,0.1208199,0.0,0.0,0.658762208970416,0.7523512158775434,'data/collections/new_sim/session2_305.jpg',2
2174.839,1794.524,0.1231402,0.0,0.0,0.6587712693166816,0.7523432825000089,'data/collections/new_sim/session2_306.jpg',2
2174.899,1794.974,0.1270611,0.0,0.0,0.6588641651807823,0.752261930341175,'data/collections/new_sim/session2_307.jpg',2
2174.924,1795.161,0.1266781,0.0,0.0,0.6589017145798501,0.7522290412658459,'data/collections/new_sim/session2_308.jpg',2
2174.957,1795.41,0.1261279,0.0,0.0,0.6589519966931956,0.7521849945685242,'data/collections/new_sim/session2_309.jpg',2
1570.694,2953.407,0.02480425,-0.0,0.0,0.9978309227101867,-0.06582894259622836,'data/collections/new_sim/session2_310.jpg',0
1561.9,2952.213,0.02490264,-0.0,0.0,0.9976883131875884,-0.06795608676862175,'data/collections/new_sim/session2_311.jpg',0
1552.154,2950.904,0.02489024,-0.0,0.0,0.9978754430333038,-0.06515059624506704,'data/collections/new_sim/session2_312.jpg',0
1544.475,2949.956,0.02524384,-0.0,0.0,0.9982602116748713,-0.058962274267883634,'data/collections/new_sim/session2_313.jpg',0
1542.039,2949.679,0.02591307,-0.0,0.0,0.9984078570612659,-0.056407011606100566,'data/collections/new_sim/session2_314.jpg',0
1536.936,2949.143,0.02970341,-0.0,0.0,0.9987202400454551,-0.05057550912792235,'data/collections/new_sim/session2_315.jpg',0
1535.853,2949.037,0.03067603,-0.0,0.0,0.9987855015825766,-0.04926988764388207,'data/collections/new_sim/session2_316.jpg',0
1534.772,2948.935,0.03162526,-0.0,0.0,0.998849642207118,-0.04795197871529674,'data/collections/new_sim/session2_317.jpg',0
1532.63,2948.74,0.03397845,-0.0,0.0,0.9989728249953388,-0.045313297395270194,'data/collections/new_sim/session2_318.jpg',0
1531.349,2948.629,0.03631972,-0.0,0.0,0.9990440298183111,-0.04371528890890979,'data/collections/new_sim/session2_319.jpg',0
1530.483,2948.557,0.03792205,-0.0,0.0,0.9990905261432846,-0.04263942507509457,'data/collections/new_sim/session2_320.jpg',0
1529.185,2948.451,0.04104221,-0.0,0.0,0.9991587425619426,-0.04100984225814313,'data/collections/new_sim/session2_321.jpg',0
1528.327,2948.384,0.04320041,-0.0,0.0,0.9992024648010087,-0.039930368588192926,'data/collections/new_sim/session2_322.jpg',0
1527.038,2948.287,0.0464493,-0.0,0.0,0.9992661957253204,-0.038302350850118724,'data/collections/new_sim/session2_323.jpg',0
1526.156,2948.223,0.04858902,-0.0,0.0,0.9993079994470278,-0.03719572880290259,'data/collections/new_sim/session2_324.jpg',0
1525.062,2948.146,0.051198,-0.0,0.0,0.9993581790826309,-0.03582219843404502,'data/collections/new_sim/session2_325.jpg',0
1522.872,2948.0,0.05721666,-0.0,0.0,0.9994515749686077,-0.033114185672751734,'data/collections/new_sim/session2_326.jpg',0
1521.546,2947.917,0.06244772,-0.0,0.0,0.9995035130490884,-0.031507576906687464,'data/collections/new_sim/session2_327.jpg',0
1519.29,2947.787,0.07264373,-0.0,0.0,0.9995842618484698,-0.028832333669853175,'data/collections/new_sim/session2_328.jpg',0
1518.179,2947.727,0.0783185,-0.0,0.0,0.999620474060916,-0.027548281946963987,'data/collections/new_sim/session2_329.jpg',0
1517.08,2947.67,0.08392359,-0.0,0.0,0.9996539587268585,-0.026305185833222014,'data/collections/new_sim/session2_330.jpg',0
1515.976,2947.616,0.08952993,-0.0,0.0,0.9996853724011682,-0.025082986407877664,'data/collections/new_sim/session2_331.jpg',0
1514.621,2947.553,0.09621996,-0.0,0.0,0.999720989168602,-0.023620834357661474,'data/collections/new_sim/session2_332.jpg',0
1513.95,2947.524,0.09952316,-0.0,0.0,0.9997375959431979,-0.02290718790500241,'data/collections/new_sim/session2_333.jpg',0
1512.399,2947.458,0.09893353,-0.0,0.0,0.999772959118927,-0.02130798476121587,'data/collections/new_sim/session2_334.jpg',0
1511.523,2947.424,0.1013228,-0.0,0.0,0.9997914583919131,-0.020421550542787912,'data/collections/new_sim/session2_335.jpg',0
1510.438,2947.383,0.1015133,-0.0,0.0,0.9998129375237855,-0.01934140532792154,'data/collections/new_sim/session2_336.jpg',0
1508.513,2947.316,0.103742,-0.0,0.0,0.9998467952553605,-0.017503885785310036,'data/collections/new_sim/session2_337.jpg',0
1507.248,2947.276,0.1064803,-0.0,0.0,0.9998661950166879,-0.016358241435149957,'data/collections/new_sim/session2_338.jpg',0
1506.0,2947.239,0.1089866,-0.0,0.0,0.9998833909103383,-0.015271037346674614,'data/collections/new_sim/session2_339.jpg',0
1504.971,2947.21,0.1109899,-0.0,0.0,0.9998962989768628,-0.014401086499712987,'data/collections/new_sim/session2_340.jpg',0
1504.155,2947.189,0.1125677,-0.0,0.0,0.9999057979932789,-0.013725710889565418,'data/collections/new_sim/session2_341.jpg',0
1503.145,2947.164,0.1141797,-0.0,0.0,0.9999166532529715,-0.012910714440986012,'data/collections/new_sim/session2_342.jpg',0
1502.145,2947.14,0.1149443,-0.0,0.0,0.9999263684625822,-0.012134976441353428,'data/collections/new_sim/session2_343.jpg',0
1500.958,2947.115,0.1157893,-0.0,0.0,0.9999366855471375,-0.011252772858499557,'data/collections/new_sim/session2_344.jpg',0
1500.175,2947.099,0.1160168,-0.0,0.0,0.9999428796356455,-0.0106881928300738,'data/collections/new_sim/session2_345.jpg',0
1499.011,2947.077,0.1159181,-0.0,0.0,0.9999511383990947,-0.009885383874921813,'data/collections/new_sim/session2_346.jpg',0
1498.244,2947.063,0.1159055,-0.0,0.0,0.9999560464896224,-0.009375771373276923,'data/collections/new_sim/session2_347.jpg',0
1497.293,2947.047,0.1159448,-0.0,0.0,0.9999615566506425,-0.008768421797790638,'data/collections/new_sim/session2_348.jpg',0
1496.164,2947.03,0.116021,-0.0,0.0,0.9999673992559002,-0.008074678036370072,'data/collections/new_sim/session2_349.jpg',0
1495.42,2947.019,0.1160755,-0.0,0.0,0.9999708806103322,-0.007631378079791708,'data/collections/new_sim/session2_350.jpg',0
1494.313,2947.004,0.1182332,-0.0,0.0,0.9999754720482278,-0.007003949023516744,'data/collections/new_sim/session2_351.jpg',0
864.0333,2907.661,0.03007495,-0.0,0.0,0.9996752228994039,-0.025484283804476805,'data/collections/new_sim/session2_352.jpg',0
861.6065,2907.54,0.03340884,-0.0,0.0,0.9996902564453729,-0.024887570556093627,'data/collections/new_sim/session2_353.jpg',0
859.3619,2907.429,0.03750458,-0.0,0.0,0.9997008071162659,-0.024460095075177015,'data/collections/new_sim/session2_354.jpg',0
856.0508,2907.27,0.04437618,-0.0,0.0,0.9997107134179335,-0.024051808194115416,'data/collections/new_sim/session2_355.jpg',0
855.3937,2907.238,0.04570385,-0.0,0.0,0.9997119713972832,-0.023999463430619736,'data/collections/new_sim/session2_356.jpg',0
852.3804,2907.094,0.05365817,-0.0,0.0,0.9997152293167937,-0.023863366737964343,'data/collections/new_sim/session2_357.jpg',0
850.8807,2907.022,0.05903451,-0.0,0.0,0.9997156248489784,-0.02384679082846783,'data/collections/new_sim/session2_358.jpg',0
849.5972,2906.961,0.06469648,-0.0,0.0,0.9997155416018846,-0.023850280494170022,'data/collections/new_sim/session2_359.jpg',0
848.7496,2906.92,0.06852371,-0.0,0.0,0.9997153334308572,-0.02385900465715356,'data/collections/new_sim/session2_360.jpg',0
847.4803,2906.86,0.07416216,-0.0,0.0,0.9997149585311534,-0.023874708145945747,'data/collections/new_sim/session2_361.jpg',0
846.6418,2906.82,0.07785499,-0.0,0.0,0.9997146876168491,-0.02388604955085401,'data/collections/new_sim/session2_362.jpg',0
845.386,2906.76,0.08336867,-0.0,0.0,0.9997144374279077,-0.023896518537271903,'data/collections/new_sim/session2_363.jpg',0
844.3509,2906.71,0.08790661,-0.0,0.0,0.9997144582811733,-0.023895646121837266,'data/collections/new_sim/session2_364.jpg',0
843.5131,2906.67,0.0878055,-0.0,0.0,0.9997146250798916,-0.02388866679770421,'data/collections/new_sim/session2_365.jpg',0
842.4365,2906.618,0.08851807,-0.0,0.0,0.9997151668392197,-0.023865983986232783,'data/collections/new_sim/session2_366.jpg',0
841.3281,2906.566,0.09241597,-0.0,0.0,0.9997162488139052,-0.023820618326442517,'data/collections/new_sim/session2_367.jpg',0
840.1947,2906.512,0.09155308,-0.0,0.0,0.9997180337158591,-0.023745590396881754,'data/collections/new_sim/session2_368.jpg',0
837.9592,2906.407,0.09840928,-0.0,0.0,0.9997249123772413,-0.0234542015919827,'data/collections/new_sim/session2_369.jpg',0
837.0779,2906.366,0.1013131,-0.0,0.0,0.9997288078116527,-0.02328756817470212,'data/collections/new_sim/session2_370.jpg',0
835.5955,2906.298,0.1061112,-0.0,0.0,0.9997365754481499,-0.02295168209969906,'data/collections/new_sim/session2_371.jpg',0
834.5626,2906.251,0.1094762,-0.0,0.0,0.999742767685803,-0.022680354052146485,'data/collections/new_sim/session2_372.jpg',0
833.9463,2906.224,0.1114508,-0.0,0.0,0.9997466127174859,-0.022510227895633235,'data/collections/new_sim/session2_373.jpg',0
832.7269,2906.17,0.1139052,-0.0,0.0,0.9997549312457397,-0.022137692965308993,'data/collections/new_sim/session2_374.jpg',0
831.7232,2906.127,0.1149843,-0.0,0.0,0.9997623696239812,-0.02179918080667238,'data/collections/new_sim/session2_375.jpg',0
830.9269,2906.093,0.1159096,-0.0,0.0,0.9997686058811107,-0.021511269012782847,'data/collections/new_sim/session2_376.jpg',0
829.7446,2906.044,0.1160484,-0.0,0.0,0.9997785583700621,-0.021043626671284003,'data/collections/new_sim/session2_377.jpg',0
827.9965,2905.974,0.1158597,-0.0,0.0,0.9997945477487284,-0.020269738328740804,'data/collections/new_sim/session2_378.jpg',0
827.0409,2905.937,0.1158957,-0.0,0.0,0.9998039022301124,-0.01980295648230183,'data/collections/new_sim/session2_379.jpg',0
825.7161,2905.887,0.1159877,-0.0,0.0,0.9998176336736849,-0.019097104365669717,'data/collections/new_sim/session2_380.jpg',0
824.9682,2905.859,0.1160433,-0.0,0.0,0.99982564312165,-0.018673064996911345,'data/collections/new_sim/session2_381.jpg',0
823.1248,2905.795,0.1161809,-0.0,0.0,0.9998460458651927,-0.017546639784846416,'data/collections/new_sim/session2_382.jpg',0
822.0369,2905.759,0.1221748,-0.0,0.0,0.9998506354667941,-0.01728313503528638,'data/collections/new_sim/session2_383.jpg',0
172.0399,2381.419,0.05517443,-0.0,0.0,0.7702138914031209,-0.6377856704957093,'data/collections/new_sim/session2_384.jpg',2
171.7938,2380.1,0.05494443,-0.0,0.0,0.7694686718718633,-0.638684556731843,'data/collections/new_sim/session2_385.jpg',2
169.741,2368.392,0.05505219,-0.0,0.0,0.7632178094980058,-0.6461412966720713,'data/collections/new_sim/session2_386.jpg',2
169.004,2363.838,0.05497992,-0.0,0.0,0.7608795664816091,-0.6488931231803574,'data/collections/new_sim/session2_387.jpg',2
165.6714,2339.917,0.07180039,-0.0,0.0,0.7490702021333465,-0.6624906280664711,'data/collections/new_sim/session2_388.jpg',0
165.5919,2339.262,0.07341015,-0.0,0.0,0.7487874273241043,-0.6628102207127989,'data/collections/new_sim/session2_389.jpg',0
165.4599,2338.163,0.0765452,-0.0,0.0,0.7483210428473162,-0.6633367295965943,'data/collections/new_sim/session2_390.jpg',0
164.8976,2333.338,0.09153867,-0.0,0.0,0.7463890856021649,-0.6655098292992855,'data/collections/new_sim/session2_391.jpg',0
164.7462,2331.998,0.09557185,-0.0,0.0,0.7458841846066694,-0.6660756587307811,'data/collections/new_sim/session2_392.jpg',0
164.5444,2330.184,0.09625812,-0.0,0.0,0.7452159412613667,-0.6668232156201037,'data/collections/new_sim/session2_393.jpg',0
164.161,2326.644,0.1115262,-0.0,0.0,0.743950688264511,-0.6682345197838557,'data/collections/new_sim/session2_394.jpg',0
164.0683,2325.769,0.1168178,-0.0,0.0,0.7436444592681088,-0.6685752898513689,'data/collections/new_sim/session2_395.jpg',0
163.9014,2324.174,0.1256595,-0.0,0.0,0.7430887659150289,-0.6691928615659908,'data/collections/new_sim/session2_396.jpg',0
163.687,2322.086,0.136769,-0.0,0.0,0.7423542549524114,-0.6700075821616127,'data/collections/new_sim/session2_397.jpg',0
163.5944,2321.171,0.1408249,-0.0,0.0,0.7420284938706446,-0.6703683422448159,'data/collections/new_sim/session2_398.jpg',0
163.4587,2319.812,0.1436751,-0.0,0.0,0.7415421581999055,-0.6709062733439197,'data/collections/new_sim/session2_399.jpg',0
163.2573,2317.757,0.145529,-0.0,0.0,0.740796389616307,-0.6717296399083822,'data/collections/new_sim/session2_400.jpg',0
163.126,2316.391,0.1448727,-0.0,0.0,0.7402926402831786,-0.6722847661092435,'data/collections/new_sim/session2_401.jpg',0
162.9979,2315.037,0.1446806,-0.0,0.0,0.7397867134662597,-0.6728414512935349,'data/collections/new_sim/session2_402.jpg',0
162.894,2313.921,0.1447054,-0.0,0.0,0.7393655714227734,-0.6733042044979934,'data/collections/new_sim/session2_403.jpg',0
162.8126,2313.037,0.1447626,-0.0,0.0,0.7390288021019812,-0.6736738303242235,'data/collections/new_sim/session2_404.jpg',0
162.6298,2311.013,0.1447747,-0.0,0.0,0.7382487636029477,-0.6745285487203037,'data/collections/new_sim/session2_405.jpg',0
162.5294,2309.879,0.1447264,-0.0,0.0,0.7378024151226863,-0.6750167377473919,'data/collections/new_sim/session2_406.jpg',0
162.4094,2308.499,0.1446169,-0.0,0.0,0.7372502162870082,-0.6756198032804839,'data/collections/new_sim/session2_407.jpg',0
162.3308,2307.581,0.1445776,-0.0,0.0,0.7368786634994817,-0.6760250256308694,'data/collections/new_sim/session2_408.jpg',0
162.2159,2306.216,0.1445805,-0.0,0.0,0.7363173738917419,-0.67663633135176,'data/collections/new_sim/session2_409.jpg',0
162.1407,2305.308,0.1446144,-0.0,0.0,0.7359411265576296,-0.6770455363128001,'data/collections/new_sim/session2_410.jpg',0
324.5717,1627.235,0.05489346,-0.0,0.0,0.5310525646494014,-0.8473388776512579,'data/collections/new_sim/session2_411.jpg',0
328.0205,1620.237,0.05638107,-0.0,0.0,0.526601230785497,-0.8501124300556955,'data/collections/new_sim/session2_412.jpg',0
332.837,1610.737,0.06500838,-0.0,0.0,0.5213894606574092,-0.8533188327438789,'data/collections/new_sim/session2_413.jpg',0
333.8303,1608.81,0.06809118,-0.0,0.0,0.5204955815449566,-0.8538643625261435,'data/collections/new_sim/session2_414.jpg',0
334.8129,1606.913,0.071233,-0.0,0.0,0.5196756909138893,-0.8543636089354297,'data/collections/new_sim/session2_415.jpg',0
335.402,1605.78,0.07415206,-0.0,0.0,0.5192193262072815,-0.854641030663083,'data/collections/new_sim/session2_416.jpg',0
335.8025,1605.011,0.07659406,-0.0,0.0,0.5189179846869214,-0.8548240316980238,'data/collections/new_sim/session2_417.jpg',0
336.8284,1603.047,0.08349065,-0.0,0.0,0.5182046523782803,-0.8552566505169694,'data/collections/new_sim/session2_418.jpg',0
337.8488,1601.099,0.09139727,-0.0,0.0,0.5175686171074163,-0.855641704561855,'data/collections/new_sim/session2_419.jpg',0
338.4522,1599.951,0.09602627,-0.0,0.0,0.5172198707252039,-0.8558525605073595,'data/collections/new_sim/session2_420.jpg',0
339.2702,1598.398,0.1021767,-0.0,0.0,0.5167716764935247,-0.8561232588675954,'data/collections/new_sim/session2_421.jpg',0
339.7808,1597.43,0.1024147,-0.0,0.0,0.5165086699306202,-0.8562819593372861,'data/collections/new_sim/session2_422.jpg',0
340.3872,1596.283,0.1047606,-0.0,0.0,0.5162112344866147,-0.8564613017467896,'data/collections/new_sim/session2_423.jpg',0
341.3876,1594.394,0.1101608,-0.0,0.0,0.5157455258504179,-0.8567418237516341,'data/collections/new_sim/session2_424.jpg',0
341.6852,1593.833,0.1132584,-0.0,0.0,0.5156139336699834,-0.8568210264724868,'data/collections/new_sim/session2_425.jpg',0
342.7805,1591.772,0.1250644,-0.0,0.0,0.5151547611918869,-0.8570971777000144,'data/collections/new_sim/session2_426.jpg',0
343.5212,1590.38,0.1321636,-0.0,0.0,0.514868264360624,-0.8572693102836929,'data/collections/new_sim/session2_427.jpg',0
343.9489,1589.578,0.1361573,-0.0,0.0,0.5147096565267468,-0.8573645487644788,'data/collections/new_sim/session2_428.jpg',0
344.4529,1588.634,0.1408102,-0.0,0.0,0.5145315757987813,-0.8574714324722562,'data/collections/new_sim/session2_429.jpg',0
344.949,1587.704,0.1432075,-0.0,0.0,0.5143639501323413,-0.8575719951142611,'data/collections/new_sim/session2_430.jpg',0
345.5378,1586.603,0.1453448,-0.0,0.0,0.5141701084550293,-0.8576882298197541,'data/collections/new_sim/session2_431.jpg',0
345.9265,1585.876,0.1461657,-0.0,0.0,0.5140443592677899,-0.8577636018769783,'data/collections/new_sim/session2_432.jpg',0
346.8855,1584.086,0.1456339,-0.0,0.0,0.5137471580630881,-0.8579416399628242,'data/collections/new_sim/session2_433.jpg',0
347.4521,1583.029,0.1456131,-0.0,0.0,0.5135794404969445,-0.8580420492603177,'data/collections/new_sim/session2_434.jpg',0
348.382,1581.297,0.1457402,-0.0,0.0,0.5133150957537838,-0.8582002170072458,'data/collections/new_sim/session2_435.jpg',0
348.8398,1580.446,0.1458117,-0.0,0.0,0.5131907694869826,-0.8582745680220046,'data/collections/new_sim/session2_436.jpg',0
349.6543,1578.932,0.1459407,-0.0,0.0,0.5129787908421225,-0.8584012815380426,'data/collections/new_sim/session2_437.jpg',0
350.1891,1577.938,0.1460247,-0.0,0.0,0.5128476929848879,-0.8584796117556189,'data/collections/new_sim/session2_438.jpg',0
350.6294,1577.121,0.146093,-0.0,0.0,0.5127450537438241,-0.8585409191536784,'data/collections/new_sim/session2_439.jpg',0
350.979,1576.473,0.1461479,-0.0,0.0,0.5126663836709642,-0.8585878982688585,'data/collections/new_sim/session2_440.jpg',0
351.8408,1574.875,0.1524826,-0.0,0.0,0.5124843021386668,-0.8586965937171543,'data/collections/new_sim/session2_441.jpg',0
